Name,id,age,balance,grade
Dani Winslade,1,1,6158.45,3.91
Harris Mellmer,2,72,4080.35,2.83
Valeria Trotman,3,45,4457.89,1.48
Eilis Bengough,4,58,9663.74,0.06
Randall Alleway,5,61,3925.08,1.37
Barbi Ions,6,48,5587.58,0.14
Dana Anstice,7,96,5653.45,1.47
Brander Lampaert,8,47,6578.39,1.97
Conni Denkel,9,98,5196.91,2.89
Ugo Vinecombe,10,8,8415.99,1.77
Ki Ambrus,11,26,1987.57,0.26
Brock Brewitt,12,65,7174.01,2.41
Carlen Vereker,13,33,3239.49,1.97
Kaleb Craxford,14,32,8401.01,0.94
Goran Frawley,15,58,3824.22,0.03
Giraud Shyres,16,100,5101.5,1.28
Buckie Fairpool,17,75,9332.43,2.91
Frankie Pegrum,18,3,9231.99,1.71
Neale McLinden,19,40,7966.67,0.61
Dacie Cruden,20,91,5383.19,2.49
Nicky Borthwick,21,32,6384.49,2.48
Helaina Temprell,22,82,1696.71,2.61
Bryn Ragg,23,48,9517.27,3.86
Quill Cameli,24,20,8008.06,1.56
Darrelle Sedgemond,25,78,4626.7,2.58
Jo-ann Episcopio,26,4,4689.05,0.52
Skell Cotterrill,27,38,6600.87,2.19
Jorie Barrass,28,38,2688.29,1.38
Libbey Lamburn,29,40,5204.52,0.53
Letty Dicty,30,5,1807.12,2.72
Rufus Cullivan,31,72,3558.34,2.33
Idalia Letterese,32,4,2215.26,3.81
Hallsy Hearsum,33,50,3294.97,1.05
Alyda Duckinfield,34,79,8091.76,3.32
Monika Galpen,35,14,8879.18,3.45
Rustie Keward,36,85,9928.73,2.19
Giustino Craisford,37,76,9643.11,3.02
Kelci Gunton,38,59,5899.55,3.67
Edyth Hackney,39,89,4031.36,1.58
Reamonn Beyer,40,30,5480.24,3.4
Dov Caffin,41,89,4977.92,1.83
Jonas Petigrew,42,75,214.02,1.82
Camel Grouen,43,54,8601.63,3.52
Reinold Moens,44,52,4614.77,2.01
Ashlan Flatte,45,63,124.17,2.59
Dosi Acreman,46,97,6561.68,1.04
Andeee Bruckmann,47,48,8129.93,2.51
Henrik Binley,48,67,9623.66,0.37
Clayborne Petrosian,49,97,4424.31,2.32
Nicholle Westberg,50,64,3896.86,2.19
Emma Whitby,51,88,3915.61,2.06
Birgitta Scrivner,52,78,3133.98,1.29
Thomasin Darrow,53,91,8430.51,3.52
Luz Lavigne,54,61,2729.87,1.62
Nikki Dykes,55,81,2323.71,3.14
Brynna Havercroft,56,81,5121.82,2.1
Deborah Drable,57,67,6562.38,2.7
Britt Muzzullo,58,62,2485.14,3.52
Jeniffer Kinnear,59,6,6735.04,0.73
Tarrah Hebditch,60,50,2370.54,1.57
Darill Medd,61,94,5750.83,0.29
Evyn Dog,62,78,1773.4,0.72
Reginald Glazzard,63,14,376.84,2.35
Fulton Daniells,64,12,1410.2,0.25
Jammie Eldritt,65,100,1916.7,0.43
Marty Levesley,66,9,5484.57,0.16
Meridith Crippin,67,54,2984.32,0.34
Caryn Stribbling,68,53,9071.08,2.5
Lenora Woollends,69,36,4856.7,1.1
Sharona Westmorland,70,79,917.94,3.54
Winnifred Rasell,71,64,1026.49,1.17
Jasen Raybould,72,22,4840.7,3.46
Obed Dawidowitsch,73,30,1289.85,0.26
Herbie Dy,74,81,9194.43,0.41
Indira Fairfoull,75,13,9225.3,1.3
Chiquia Filgate,76,63,1812.34,1.59
Doralyn Roylance,77,100,770.47,2.64
Lorinda Brimm,78,75,7430.15,3.93
Catharine Sailor,79,40,9123.27,3.79
Wyn Hacker,80,16,4498.65,0.93
Lettie Cranston,81,77,963.57,2.64
Prudy Rollings,82,1,4922.21,3.13
Carlen Foch,83,47,3313.88,0.89
Bernard Beels,84,30,4184.25,3.36
Odella Andrich,85,63,7839.73,1.89
Randall Droghan,86,15,5852.63,2.82
Milty Djakovic,87,42,2335.43,0.82
Gavrielle Dewfall,88,58,6013.65,0.12
Daryn Chrystal,89,19,5410.91,2.99
Reggis Gagin,90,92,3307.59,0.36
Giles Ziem,91,89,7333.87,0.9
Drona Becke,92,38,5554.34,2.92
Marijn Ramelet,93,32,6442.06,2.28
Katherine Haryngton,94,22,9700.19,1.98
Mildrid Di Giacomo,95,36,3097.91,3.56
Gayle Templar,96,66,3419.9,0.02
Sterling FitzAlan,97,9,2680.39,1.4
Janeta Harry,98,13,2810.18,3.79
Sophronia Adney,99,67,162.79,3.88
Rubia Hoston,100,12,6858.2,1.81
Sol Cornbell,101,54,1089.16,3.8
Antonino Thickpenny,102,42,1383.02,0.25
Crichton Dike,103,54,954.89,2.09
Alexi Deeson,104,47,2655.91,3.44
Sonnie Tomaskov,105,41,2808.6,3.18
Wilmette Walster,106,51,5486.86,2.73
Pennie Coldridge,107,8,4993.87,0.18
Brad Narducci,108,69,2191.17,0.57
Stanly Perceval,109,67,3934.33,2.92
Isacco Conre,110,81,3197.33,1.15
Purcell Weatherhill,111,62,4569.73,2.26
Bride Paslow,112,76,3407.46,2.18
Templeton Pires,113,72,7676.64,0.7
Brody Varndall,114,71,6687.19,0.47
Brandais Monier,115,48,1827.01,3.04
Prince Klaffs,116,46,8698.72,2.53
Egon Golden of Ireland,117,27,574.28,1.65
Shaylynn Ivankin,118,76,8123.92,1.3
Henry Knagges,119,86,9036.23,1.65
Daryle Leidl,120,65,5592.09,2.78
Karola Berridge,121,21,82.72,0.01
Shanda Vasilik,122,26,3200.93,1.49
Victoir Andren,123,96,6111.75,0.6
Barbaraanne Masding,124,52,1916.99,2.18
Carolee Keaysell,125,20,9545.2,3.17
Sasha Bagnell,126,70,4927.59,1.18
Illa Wescott,127,59,2991.5,1.49
Zerk Jeffryes,128,56,4177.71,0.18
Adriaens Bruna,129,98,3792.81,3.44
Branden Chidler,130,48,160.72,1.64
Meryl Abramov,131,55,5889.81,0.03
Tarrance Abrashkov,132,10,4428.69,1.56
Claudina Cumpton,133,68,6348.24,1.59
Kip Bradshaw,134,57,7446.02,3.42
Bathsheba MacAless,135,63,5514.71,3.48
Bastian Ghiotto,136,47,5287.48,1.9
Lynsey Nice,137,18,9106.77,3.58
Aurora Kelf,138,67,6034.98,3.12
Genvieve Ovitts,139,68,6642.19,1.06
Tabina Alston,140,86,5812.42,0.8
Victor Bacup,141,9,359.92,3.39
Lela Ditch,142,35,9957.32,1.36
Murry Viccars,143,29,5406.55,3.73
Lillis Orable,144,2,7202.78,3.96
Odie O'Finan,145,97,6275.1,3.87
Terence Wike,146,84,8940.35,0.25
Michelina Chasier,147,38,3493.61,0.9
Avram Astell,148,69,2029.69,2.51
Ali Seivertsen,149,72,9188.83,1.76
Maggy Shattock,150,30,5913.29,0.59
Agnes Vasenkov,151,95,6025.82,1.4
Norman Weatherburn,152,4,2564.1,1.18
Jorie Meller,153,2,2716.28,1.93
Hilliard Spickett,154,44,6868.82,3.04
Dori Sobey,155,4,9654.67,1.62
Pearce Bendig,156,92,2308.67,0.93
Caril Fallanche,157,85,5074.85,0.5
Leora Flaunier,158,53,4840.73,2.44
Pernell Glawsop,159,63,7986.5,3.25
Roseann Fawthrop,160,81,1805.02,3.97
Frederique Caulkett,161,64,7235.69,2.98
Vinita Fewings,162,37,9573.8,0.72
Marcela Tournay,163,93,2501.52,1.63
Cayla Skillings,164,75,3040.15,0.17
Abram Hazelby,165,59,9729.47,1.96
Tamqrah Yole,166,66,7895.67,3.39
Andree McDuffy,167,30,1114.56,1.8
Pascale MacAfee,168,72,6362.76,0.8
Ibby Stainland,169,31,6731.33,2.77
Minny McBeith,170,46,4333.95,0.73
Riley Phillins,171,81,8222.04,0.39
Karl Dimitrijevic,172,35,9722.64,3.64
Gamaliel Sedgefield,173,55,4709.29,0.08
Hally Geffe,174,83,3480.73,1.57
Allister Rihanek,175,71,7139.45,3.74
Andres Sondland,176,67,2167.07,0.11
Herve Eburne,177,12,1236.62,2.32
Elladine McComiskie,178,22,9417.33,1.18
Adah Bidder,179,33,6444.98,3.84
Shandie Rowbottam,180,45,5262.48,0.81
Lewes Oventon,181,42,4441.93,0.34
Celestine Thursby,182,35,3515.31,2.49
Obediah Realy,183,66,6350.47,0.41
Isak Asbery,184,27,3276.87,2.39
Mozelle Keddy,185,94,4444.54,3.8
Nowell Cowap,186,27,5521.25,2.81
Mable Goble,187,83,7054.06,1.64
Heath Scardafield,188,82,3596.6,1.1
Hanny Mawne,189,36,1192.02,0.85
Elsbeth Rysom,190,65,6862.26,1.12
Alexandra Bulger,191,99,2830.96,3.72
Tate Connell,192,69,2312.35,2.81
Miguela Danhel,193,22,6339.98,2.25
Trumaine Jewitt,194,4,2957.73,0.44
Rickard Partener,195,74,1067.81,1.02
Maximilian Yateman,196,25,3130.89,2.96
Bernita Gerrets,197,71,9676.46,1.44
Kimball Fleay,198,81,5578.43,1.94
Bar Buddington,199,9,7898.21,3.6
Emmit Caughey,200,1,6600.56,0.35
Emery Gilardengo,201,42,6158.78,3.37
Penny Flewan,202,95,8887.35,2.62
Abrahan Enrdigo,203,57,1075.07,3.47
Bev Wilkerson,204,2,4605.34,1.08
Emalee Phare,205,94,8512.01,2.13
Husein Danielsson,206,47,7739.25,3.56
Brigitte Flye,207,64,5219.79,1.96
Irv Burnet,208,35,8751.26,2.2
Demetre Carr,209,77,9061.04,2.92
Emeline Salzburg,210,12,9872.71,3
Olin Baggot,211,66,5842.37,1.24
Lynea Mc Ilwrick,212,18,6591.97,3.35
Nissie Wawer,213,80,449.02,0.62
Cherish MacCrachen,214,67,3931.65,1.77
Pearce Dymocke,215,49,2078.84,0.71
Shirleen McNeigh,216,22,3841.95,1.77
Belinda Lean,217,94,2361.94,2.37
Jorgan Elgood,218,33,3075.18,2.4
Dominic Snow,219,6,4503.01,2.96
Kelby Garber,220,56,6035.91,3.69
Felicdad Betteriss,221,4,808.93,1.04
Brock Wardhough,222,94,5911.64,2.82
Augusta Goudge,223,88,3591.55,2.62
Halsy Lunny,224,41,6904.39,3.57
Marice Densie,225,36,1093.71,3.4
Noble Pett,226,86,6723.5,3.89
Perl Budden,227,50,8243.69,2.18
Erv Muldownie,228,53,8440.12,1.04
Trixi Orrock,229,67,7832.08,2.94
Thacher Stowe,230,51,6588.59,3.04
Franklin Domingues,231,26,6583.7,1.19
Sonnie Fillon,232,78,7157.72,2.9
Rachelle McElroy,233,91,8038.18,1.64
Jacinda Colwell,234,10,1102.22,2.08
Patsy Pirolini,235,83,7161.6,3.61
Karlotte Sudron,236,81,824.8,1.09
Sharon Luter,237,87,8588.74,2.82
Richmound Kynoch,238,29,2254.78,0.92
Ignatius Sadat,239,96,3430.28,3.99
Calv Garlinge,240,45,1977.34,1.99
Raviv Slemmonds,241,4,8623.83,1.77
Devan Fittall,242,99,3201.15,0.12
Dorian Cords,243,29,9155.24,2.25
Sasha D'Alesio,244,90,4397.18,1.66
Joelynn McCrow,245,55,4161.43,2.5
Kim Dangl,246,96,7129.75,3.15
Happy OIlier,247,52,3136.21,0.33
Ayn McCreagh,248,84,8018.9,1.56
Ole Agar,249,13,1951.82,0.67
De Tourle,250,56,7416.05,1.24
Romeo Grishukov,251,52,184.73,2.22
Desmond Greswell,252,81,2552.16,0.59
Margret Fryett,253,83,1115.22,3.17
Benny Cohr,254,96,828.7,1.03
Mickie Ovid,255,44,1311.57,2.09
Nellie Klasing,256,89,5323.64,1.48
Taddeo Killingsworth,257,44,6919.73,2.39
Sara Breeder,258,99,798.28,0.01
Fidela Couser,259,84,3929.31,1.92
Dian Cristoforetti,260,24,1073.67,3.57
Laird Beaton,261,35,62.84,3.25
Lulu Tregent,262,44,8188.29,0.24
Tadeas Hawkin,263,59,8294.34,3.59
Haywood Worsalls,264,95,1876.69,2.97
Priscilla Addicote,265,5,3004.72,0.53
Esra Buse,266,58,7284.26,1.41
Guinevere Einchcombe,267,35,8544.72,1.11
Alethea todor,268,24,4888.91,2.03
Jerome Manuello,269,94,3004.84,1.23
Vaughn MacRirie,270,16,8727.11,2.03
Kerwinn Askin,271,13,8048.96,2.26
Wally Niblock,272,38,8818.95,1.8
Justine Pawlowicz,273,98,9705.91,0.89
Carleen Muckle,274,36,1659.71,1.7
Laughton Seals,275,70,3783.63,3.7
Crosby Sisley,276,44,1922.69,3.83
Estrellita Winscom,277,50,6579.13,0.05
Man Joesbury,278,93,1425.97,0.03
Harald Korf,279,44,9964.15,3.04
Lanny Master,280,10,8907.44,3.91
Thebault Scoates,281,19,3650.09,0.75
Christyna Gallager,282,77,6250.76,1.71
Maisey Hodges,283,41,4473.7,1.3
Sherlocke Caldaro,284,74,5306.11,1.53
Florence Klehn,285,37,6888.44,3.75
Chickie Zanre,286,91,7799.54,2.68
Jackie Aluard,287,100,8635.07,2.04
Milt Manntschke,288,15,4210.66,0.03
Omar Feeham,289,25,5225.24,0.56
Lennard Awmack,290,70,853.36,1.36
Bertine Mawby,291,97,7266.03,2.48
Donia Dargan,292,15,845.06,2.11
Glenden Briscam,293,87,6207,2.51
Marlie Chaperling,294,41,9758.36,3.41
Sibella Rathbone,295,51,8700.29,2.29
Dew McCrorie,296,23,8908.1,1.62
Marie Kingsman,297,98,6976.27,2.39
Clement Vasyanin,298,66,5698.56,3.48
Gizela Westbury,299,70,8785.56,1.76
Roy Hargerie,300,85,247.86,0.93
Cynthia Cottier,301,12,6932.62,0.87
Brigitta Jupe,302,5,5861.49,2.54
Lexy Holdall,303,82,8189.17,1.02
Newton Mein,304,94,4128.47,1.4
Giraud Lippitt,305,13,8017.38,3.72
Ronny Berrecloth,306,24,9040.01,1.91
Willette Harriskine,307,3,8271.03,2.13
Vachel Pestricke,308,44,983.11,1.12
Trisha Coate,309,34,9705.88,0.86
Clementia Anthony,310,43,2199.22,0.73
Dorothee Mannakee,311,71,719.1,2.47
Durand Huffey,312,80,3278.37,0.35
Agna Gowler,313,61,2208.17,1.9
Yasmin Alexandrescu,314,34,6503.01,0.1
Corty O' Kelleher,315,73,4958.44,3.21
Jena Hedley,316,10,8347.07,2.94
Lionel Joyson,317,75,4719.09,0.43
Mela Bridden,318,28,4756.93,0.78
Burnaby Gibbin,319,11,2745.1,3.27
Giustina Rableau,320,48,5844.79,2.72
Elianora Luxon,321,49,9396.3,0.56
Gael Thumnel,322,16,7164.22,2.9
Deva Bottomore,323,9,8668.01,1.36
Stanly Legrice,324,6,6448.77,2.45
Hercule Turville,325,45,9304.86,1.64
Sher Lezemere,326,11,5580.16,3.85
Constantia Mattaus,327,18,146.47,2.53
Georgi Russel,328,77,9192.81,2.43
Jyoti Stening,329,29,821.99,0.31
Vanny Prendergrast,330,11,3728.67,2.62
Clerc Kitchenham,331,63,5392.96,0.97
Mariellen Olyfant,332,42,6596.24,2.96
Curry Windley,333,3,1470.79,0.54
Luelle Eim,334,78,5611.92,3.82
Morgan Dougal,335,62,7136.75,1.52
Way Dulson,336,20,8562.28,2.6
Clotilda Trebble,337,48,9411.96,3.47
Granthem Lage,338,15,6551.66,2.01
Elton Van der Baaren,339,10,8124.82,3.4
Aundrea Annett,340,86,8421.78,0.5
Gaby Smullin,341,74,2552.58,0.83
Winny Greeve,342,79,8045.72,2.34
Anna-diane Joist,343,91,7852.03,0.89
Krystal Staite,344,82,7474.09,3.93
Colleen Furlonge,345,75,2522.67,2.03
Arlana Yourell,346,61,9286.03,0.07
Arturo Laban,347,22,309.24,1.57
Robenia Meys,348,97,3202,1.77
Doria Beatey,349,81,9889.39,0.63
Hodge Turtle,350,92,5928.37,1.79
Sophey Boatright,351,26,639.46,2.2
Glory Tuckley,352,11,3230.05,1.07
Karole Whyman,353,24,6115.75,0.84
Ardeen Husbands,354,46,7311.21,1.97
Gil Broszkiewicz,355,43,4718.27,1.95
Brig Millis,356,11,34.69,2
Latrina Bocock,357,6,6140.53,0.38
Freddie Salmon,358,19,9844.54,1.67
Moreen Heams,359,62,8785.72,1.47
Gawain Snelgrove,360,92,2534.47,3.89
Honoria Dils,361,50,5875.61,1.5
Stephani Dunne,362,75,6313.75,0.32
Dot Bondar,363,92,38.47,0.61
Colene Shiel,364,4,7365.68,3.84
Jacinta Foxon,365,87,6393.72,1.15
Clement Goodings,366,85,4837.39,3.71
Billie Peirone,367,26,6507.91,1.14
Louie Philson,368,69,9303.52,2.6
Jae Rosenfeld,369,84,1388.86,2.23
Tailor Kestle,370,23,6354.38,2.09
Wallie Vanyushin,371,48,5474.37,3.98
Bartholemy McNulty,372,18,6687.28,2.98
Herschel Bruhn,373,13,8577.99,0.08
Madonna Dobrowlski,374,48,1882.44,3.84
Mano Feldberger,375,45,5508.67,2.07
Ban MacGebenay,376,87,5942.43,3.39
Win Ternouth,377,29,8042.14,0.49
Deane Pascow,378,2,6130.14,0.88
Salvidor Allin,379,2,2565.95,0.44
Pierrette Trebbett,380,25,9337.39,0.44
Pearline Furzer,381,20,2087.54,0.72
Donna Peschmann,382,46,65.74,0.39
Diahann Bernardotti,383,26,9451.69,3.18
Marty Bleier,384,10,7275.24,1.65
Darius Madgwich,385,88,2125.59,1.13
Kippy Rolinson,386,35,5089.92,2.04
Lissa Waterworth,387,21,4919.08,1.85
Raddy De Michetti,388,20,3572.18,3.87
Toma Andren,389,80,5898.57,2.68
Micky Crilley,390,100,8792.33,1.63
Hailee Copcutt,391,70,6374.02,3.77
Carol Chapiro,392,84,8229.66,2.75
Daren Gookey,393,64,4015.89,3.08
Ceciley Nossent,394,3,625.32,1.81
Dorey Handrek,395,91,3746.11,2.2
Lolita Terrett,396,69,8923.22,0.17
Alikee Bosworth,397,77,5359.38,3.91
Fredrick Stovin,398,91,9473.06,0.98
Maiga Driffe,399,49,7293.01,0.04
Decca Jiggen,400,93,2463.31,3.41
Liane Wisher,401,25,2587.47,0.99
Khalil McKeeman,402,6,7169.99,3.96
Rriocard Moneypenny,403,34,572.55,1.12
Dewitt Davidek,404,64,8720.64,0.11
Ruy Castillou,405,6,7725.65,2.62
Gail Garretts,406,56,6757.08,3.94
Nicole McGann,407,43,7609.27,1.23
Charley Bowhey,408,9,5922.06,3.05
Shayna Yedy,409,38,1448.64,1.2
Dione Wollen,410,6,1655.56,2.58
Jan Blackeby,411,36,3907.91,2.69
Coleen Cheeseman,412,87,9070.4,3.22
Mabelle Hendrick,413,10,6691.65,3.46
Noble Kesley,414,46,7046.07,3.2
Guthry Frosch,415,81,8928.91,3.67
Bartlet Toleman,416,13,5774.68,1.35
Claire Djorvic,417,52,4917.32,3.08
Ericka McLewd,418,45,7931.91,1.58
Corbin Meaden,419,82,3379.04,1.06
Jacquette Cellone,420,39,8632.35,0.49
Allison Lewsy,421,99,3321.82,1.7
Britt Doggrell,422,44,6894.62,0.31
Consolata Ballach,423,17,1871.62,1.74
Barry Laurence,424,95,5565.81,2.78
Carleton Biagi,425,64,4183.16,2.96
Inger Simeoli,426,47,4152.13,3.61
Cullin Shakspeare,427,31,355.14,3.18
Marijn Scottini,428,68,6703.64,1.22
Amabel Shaw,429,3,8534.53,2.03
Sandy Maitland,430,50,8403.88,2.19
Carissa Beall,431,80,5945.85,2.72
Courtney Vanderson,432,22,2518.14,1.14
Bernardo Geck,433,12,4232.71,1.37
Alfie Uvedale,434,13,3930.08,3.27
Mylo Mapholm,435,51,8853.53,2.58
Hazel Spittal,436,94,6859.17,1.35
Maighdiln Jarred,437,99,5938.33,0.25
Celinda Maffia,438,73,4111.74,1.57
Midge Cater,439,11,410.1,1.56
Nicole Iceton,440,73,3214.94,0.31
Idelle Cannam,441,71,2838.59,2.9
Kelila Drowsfield,442,63,7716.35,3.77
Marnie Dohmann,443,52,205.06,2.76
Archie Bigby,444,36,3122.93,1.27
Dermot Sillito,445,69,8295.03,1.95
Aili Bottby,446,68,655.02,1.93
Dion Norman,447,86,7732.15,0.47
Flory Churcher,448,20,6572.05,3.2
Carter Furminger,449,74,3678.26,1.87
Deana Breckwell,450,43,2192.85,2.07
Samson Pollicott,451,64,3518.11,0.61
Ky Wavish,452,82,8137.28,0.03
Read Hofer,453,65,2442.9,2.69
Alikee Wikey,454,65,3787.04,0.29
Constantine Grinyer,455,30,7119.61,1.93
Sabra Klimp,456,4,7542.96,0.21
Gracie Allridge,457,44,4127.06,3.55
Mario Fromont,458,28,4260.53,3
Conrade Bairstow,459,66,2069.13,0.06
Even Juszczyk,460,55,5821,4
Dierdre Lindwall,461,39,1116.7,1.71
Ase Wyleman,462,82,7182.54,3.75
Paddy Emlyn,463,7,2517.34,0.94
Janaya Mitchley,464,88,5849.48,1.57
Anstice Brandrick,465,30,8443.2,2.99
Cullin Weetch,466,47,2488.7,3.86
Quincy Wolsey,467,35,7727.24,1.03
Joelly Vidler,468,76,4001.84,2.14
Juliann Curnnok,469,59,2327.43,0.1
Carmelita Dunstone,470,62,8077.5,0.05
Carina O'Rudden,471,17,2556.22,0.89
Gertrud Cromett,472,20,9200.52,2.6
Lauree Pearcy,473,59,7677.76,0.35
Adaline Hateley,474,50,4606.66,3.26
Cynthy Ohm,475,77,6178.92,0.91
Wendall Maton,476,37,6121.2,2.94
Coop Causbey,477,72,2625.88,0.34
Granny Asplen,478,75,8048.93,0.46
Colette Brisco,479,76,7131.58,2
Lorenzo Mattiato,480,72,2000.56,2.05
Kirsteni Skae,481,70,7845.62,1.24
Dyanna Madigan,482,14,4413.96,3.59
Gerick Keer,483,15,6040.43,0.74
Madison Lintot,484,29,1782.88,2.03
Tailor Litel,485,8,8456.64,0.36
Sibeal Dalgleish,486,55,500.1,3.57
Abdul Caltera,487,98,3905.28,3
Rustin Ebdon,488,39,578.88,3.93
Rosemarie Byres,489,75,5618.64,1.42
Glennie Miko,490,10,6620.6,2.92
Vevay Tidd,491,2,5504.09,2.4
Gibb Martt,492,16,1715.05,0.92
Bobbee Hazelgreave,493,44,7527.82,0.09
Zuzana Hebard,494,10,4942.28,0.54
Taylor Wornham,495,30,8866.71,1.83
Stacee Mahody,496,6,4779.08,1.17
Eulalie Powrie,497,100,5071.63,1.14
Duff Abramow,498,75,8764.9,1.79
Leeanne Adaway,499,75,4812.94,2.54
Jeremie Woodrough,500,30,5610.28,2.07
Annice Ussher,501,97,8147.48,1.09
Omar Scholar,502,19,9050.16,2.09
Danny Lenden,503,21,8621.65,1.44
Rana Kimble,504,99,5227.49,2.58
Libby Jansens,505,95,6148.61,2.03
Brendin Beese,506,74,9514.89,3.75
Rosella Burgwyn,507,6,3532.9,2.1
Lianna Duprey,508,20,3885.4,3.86
Brandon Iacobassi,509,20,3779.26,1.02
Jedidiah Thireau,510,82,3972.34,1.43
Todd Schistl,511,93,7552.8,3.47
Thomasine Blague,512,79,339.18,2.48
Emmy Nangle,513,90,8123.78,3.07
Arabella Watt,514,89,3274.5,0.42
Yancy Pettis,515,27,3484.37,1.19
Kenna Picardo,516,57,489.87,2.01
Ab Schapiro,517,93,1133.01,3.82
Nikita Ludlom,518,47,405.59,1.22
Kirbie Lowdwell,519,41,8532.55,3.52
Rooney Cordall,520,91,6236.37,2.55
Daisie Spellward,521,1,473.17,3.88
Chantalle Novis,522,9,2722.27,2.42
Felix Garaghan,523,48,5709.16,3.9
Sauveur Echalier,524,57,8764.65,1.95
Chico Sleany,525,69,2122.18,2.27
Blake D'Alessandro,526,53,9344.84,1.8
Saul Liggons,527,87,537.49,2.99
Caz MacKessock,528,12,9154.4,2.58
Gareth Garvie,529,36,5808.07,3.1
Angelico Mosby,530,19,7608.44,3.21
Alie McNea,531,55,1285.8,0.23
Dusty Bellenie,532,17,3126.99,2.22
Araldo Helliwell,533,18,9429.64,2
Kori Erswell,534,7,3066.76,3.05
Flin Akeherst,535,9,6348.25,3.29
Cherlyn Gillott,536,46,5133.76,2.06
Winna Dansken,537,63,269.61,2.59
Catina Hubbold,538,91,8598.73,0.38
Agathe Siely,539,32,7701.47,3.21
Jerrie Bordes,540,21,5649.12,0.21
Ardelia Gates,541,40,8998.86,2.65
Nobie Bussel,542,23,6757.32,1.32
Cassey Sterrie,543,36,1446.18,0.45
Wake Hickinbottom,544,28,4307,1.47
Karylin O'Flynn,545,35,6869.99,3.64
Mina Ridsdole,546,100,4108.35,3.78
Tabor Howat,547,95,3282.31,3.62
Rhiamon Streader,548,81,2685.22,0.78
Dimitry Fipp,549,9,6246.26,0.38
Jacintha Peirpoint,550,7,1499.78,0.32
Evin Casterou,551,69,7670.15,2.2
Tierney Bodiam,552,12,459.31,2.3
Joycelin Lionel,553,52,2676.51,2.49
Sayer Walenta,554,31,9673.11,1.73
Wilow Frohock,555,60,7905.69,2.65
Leonerd Linklet,556,19,8466.57,2.9
Chalmers Wheldon,557,37,4817.06,3.45
Thia Marrow,558,31,3546.24,0.47
Brooks Serotsky,559,41,3885.55,3.74
Gualterio Pywell,560,49,244.29,3.37
Karry Dutson,561,45,8626.99,3.16
Bessy Duxbury,562,14,1110.5,2.15
Nelle Pavyer,563,39,9953.48,3.09
Mannie Fulleylove,564,89,495.3,3.17
Karel Matthewes,565,47,7095.5,3.64
Neile Thaxton,566,90,2493.29,2.78
Oralia Sherrin,567,63,9585.5,3.96
Frank Drever,568,61,5696.14,3.93
Teddy Ilyushkin,569,5,3521.64,0.21
Mathilde Theuff,570,89,3904.59,3.17
Nathaniel Putland,571,3,3479.93,1.36
Clyve Leith-Harvey,572,14,9206.53,1.8
Rollo Hentzeler,573,39,7855.9,0.09
Engracia Mc Andrew,574,82,6364.76,0.83
Rayshell Voff,575,71,468.61,1.79
Peggi Everit,576,70,8896.09,1.68
Maggy Mellenby,577,11,7313.02,1.92
Ber Lafond,578,30,1380.07,1.14
Nicol Baison,579,19,7205.8,1.06
Waylin Bach,580,71,7490.71,1.54
Nathan Adamov,581,84,9122.48,2.45
Donny Ackwood,582,31,6133.05,3.95
Beniamino Larimer,583,75,5033.93,0.45
Kev Andresen,584,93,7319.28,1.29
Alex McFetrich,585,3,3573.74,3.88
Fenelia Caneo,586,63,7834.03,3.35
Rosita Fenning,587,22,9073.71,1.14
Viki McGuire,588,4,1609.6,1.05
Hendrik Marriage,589,40,369.36,0.5
Nonnah Shafier,590,92,5699.4,1.58
Rikki Capstaff,591,70,7890.31,0.69
Panchito Soden,592,42,8383.12,2.86
Jacquette Stapley,593,17,5631.56,3.88
Pembroke Tappin,594,82,8971.56,0.08
Dorey Formilli,595,57,819.45,2.24
Findlay Copozio,596,91,6248.12,0.64
Clemence Croker,597,66,2152.28,1.7
Regina Bourget,598,3,7873.99,1.08
Rowe Ondrich,599,76,1209.34,0.5
Reyna Josovich,600,28,543.96,3.15
Dalli Houson,601,75,1029.01,1.9
Bob Laxe,602,83,4318.33,0.33
Garwood Hubbock,603,99,6137.31,1.77
Nata Galway,604,43,1488.05,0.76
Rich Jordon,605,41,2442.89,3.68
Hurley Lewtey,606,95,5621.27,2.09
Kellen Yuryatin,607,11,4373.08,3.07
Wallie Lapish,608,19,7131.63,3.51
Gerti Janaszewski,609,49,8092.31,2.24
Shaina Belcham,610,71,1135.65,1.05
Simone Peyes,611,94,8021.46,1.41
Caressa Eger,612,50,6128.82,3.06
Aubrey Dimmer,613,66,2036.03,1.6
Jordan Patillo,614,78,6038,3.13
Quint Paoletti,615,82,323.71,1.79
Barrie Mallalieu,616,9,4765.96,1.66
Nolie Sargint,617,83,6089.15,1.95
Clarita Ubanks,618,92,4489.71,3.24
Alain Tidbury,619,92,9947.52,0.67
Regine Stather,620,47,4635.6,1.12
Shel Kinson,621,77,3785.31,2.36
Abramo Fiddian,622,45,7360.52,3.38
Steffie Cristoforo,623,73,4140.02,0.88
Dallon Drayson,624,83,4320.23,1.12
Shayla Aslum,625,85,4202.61,0
Lotte Bollum,626,93,3099.48,3.86
Salim Wimp,627,46,4867.82,1.21
Samara Assandri,628,6,5364.81,0.84
Elfrieda Cordero,629,99,3239.69,3.94
Quintina Wynes,630,44,9231.02,1.35
Lianna Cabble,631,34,1924.54,1.04
Shanda Lorkings,632,17,558.2,2.57
Gerti Biaggioli,633,32,1516.1,2.65
Myrta Tatterton,634,9,4393.3,2.91
Tucker Augustine,635,69,352.78,0.63
Hershel Lung,636,45,9054.41,3.28
Corette Baniard,637,13,8483.75,1.18
Manon Gosney,638,52,3355.2,0.91
Corabelle Baxstar,639,34,9367.04,0.65
Quintana Lamport,640,65,8099.26,0.37
Emmott Coltman,641,24,3254.13,3.05
Nico Dunkersley,642,48,7875.68,0.93
Eleanora Dowse,643,52,222.84,0.95
Catlaina Cowins,644,81,9510.51,3.39
Clayton Heller,645,42,2081.31,3.84
Henrietta Duncanson,646,94,9164.11,3.81
Roma Shalders,647,26,4607.18,1.16
Rubetta Fratczak,648,88,9035.78,2.39
Denise Parchment,649,39,6956.4,3.61
Clarissa Rosenberger,650,48,9550.56,1.1
Marisa Mattielli,651,50,3268.29,0.05
Janis Carleman,652,99,9601.28,1.31
Lorie Colborn,653,23,2314.23,3.65
Boyd Kalinovich,654,92,6416.03,1.06
Adler Wildash,655,78,5995.89,1.11
Mozelle Ruddiforth,656,90,6074.53,1.17
Peta Claypool,657,47,2869.88,0.11
Tessie Bartosik,658,70,1119.14,0.48
Laurianne Schanke,659,54,4357.79,3.28
Mandel Hawley,660,86,5151.78,3.07
Elvin Vanderplas,661,52,6675.02,1.75
Beverie Banasiak,662,82,9770.41,2.45
Daniella Goley,663,90,3569.27,3.03
Naomi Rosenstein,664,63,4675.76,2.25
Bernhard Legerton,665,1,1559.14,0.72
Vinni Keable,666,87,5588.36,3.69
Philippe Oglethorpe,667,51,2678.32,4
Amity Jeschner,668,83,2969.05,0.75
Odell Gilderoy,669,77,6915.37,0.28
Forrester Studdeard,670,21,9746.19,2.37
Karisa McMichell,671,64,9361.22,0.89
Lucille Abley,672,19,184.18,0.34
Rosene Nerne,673,54,3542.41,1.37
Stacee Scobbie,674,61,8766.46,2.05
Ilsa Goldsmith,675,66,1368.47,0.15
Brina Batch,676,89,8848.1,1.33
Cassius Whale,677,21,9498.34,0.28
Rosaline Babst,678,49,8917.04,2.04
Reinaldo Lackeye,679,12,301.87,0.69
Johann Pirouet,680,28,7944.21,2.38
Caryn Caras,681,33,4388.75,3.14
Artemis Kilner,682,27,7502.47,2.59
Berenice Sampey,683,34,8156.92,0.19
Winnifred Heinzel,684,95,7087.87,0.78
Page Anthill,685,94,125.99,3.21
Evan Oulett,686,100,2086.84,1.17
Pierre Shreenan,687,10,3005.73,2.22
Ginelle Martyntsev,688,85,8473.99,2.38
Rodolph Newvell,689,91,3725.82,0.19
Florencia McGonagle,690,75,3607.41,3.11
Curt Yarnell,691,62,6072.98,0.9
Lombard Lightfoot,692,58,449.86,2.04
Pate Bigmore,693,44,5435.86,3.96
Selena Rayson,694,6,9519.02,3.72
Forest Eshelby,695,67,510.08,1.54
Meggie Couper,696,84,7690.46,0.5
Lonnie Jearum,697,7,6215.69,2.61
Shawn Chalcraft,698,62,9725.36,3.53
Catina Carwithen,699,88,3850.8,2.42
Pembroke Sivior,700,38,5914.42,1.05
Burnard Barkworth,701,61,6147.69,2.83
Daryn Gimeno,702,38,5669.97,2.07
Christoph Mennithorp,703,74,7455.88,3.5
Daryl Ferran,704,63,9638.71,3.46
Moira Mounsie,705,83,5872.9,3.54
Kelly Dogg,706,67,4029.13,3.23
Georg Ruseworth,707,9,9602.54,2.67
Allsun Straun,708,69,9709.32,0.53
Kaine Ruddy,709,81,9418.66,3.56
Fraser Korting,710,51,5128.72,0.7
Hasty Poag,711,12,4258.42,3.4
Merline Fatharly,712,74,5096.65,0.94
Birgit Dumberell,713,67,5707.91,0.75
Hunt Elks,714,1,4460.31,2.74
Clemente Melbourne,715,28,353.42,1.39
Zach Stinson,716,19,8772.15,1.55
Kristina Buckberry,717,90,6070.67,3.13
Bart Kinton,718,17,7053.37,3.42
Stearne Itzkov,719,4,264.95,3.33
Hubert Trotman,720,47,4282.75,3.84
Debby Antognelli,721,17,9631.72,1.38
Carrol Gryglewski,722,52,8807.34,3.78
Gretna Gorvin,723,87,6043.59,3.48
Udale Latey,724,63,366.61,0.7
Shermie Farnin,725,10,4435.77,1.61
Malinda Proschek,726,65,4653.19,0.85
Elise Musslewhite,727,82,3988.95,3.07
Meara Brenstuhl,728,46,9274.02,0.59
Doti Dhennin,729,97,1120.69,0.26
Pamelina Dron,730,84,689.78,2.7
Allyn Andresser,731,8,7500.67,2.56
Moyna Brownill,732,64,9563.45,3.55
Piotr Riccardo,733,81,2842.8,1.33
Alayne Roberti,734,8,8504.1,1.65
Tommie Dagwell,735,87,6490.02,3.58
Nathaniel Chapple,736,60,2625.87,1.22
Loree Hanretty,737,62,720.5,3.65
Solomon Meadows,738,14,5640.45,2.35
Corney Behning,739,89,492.89,3.02
Karee Angrick,740,29,7259.57,0.4
Judd Wabey,741,21,4082.16,0.84
Mariel Toth,742,76,9875.19,2.86
Blakeley Georghiou,743,94,7960.45,2.69
Bondie Bill,744,35,5059.36,2.3
Elly Bainbrigge,745,29,9396.66,2.04
Lissa Seligson,746,100,3748.02,3.73
Carmencita McLeoid,747,51,1917.13,0.63
Heather Bercevelo,748,75,9129.36,2.5
Laurice Evamy,749,36,8805.03,0.71
Dill Kibblewhite,750,26,8342.22,3.44
Kellsie Atteridge,751,16,5988.97,3.91
Richmound Ferguson,752,89,2358.76,2.44
Edyth Acum,753,52,2725.23,3.47
Felicity Mattiussi,754,17,2074.96,1.34
Duke Huster,755,66,3810.4,2.52
Kari Gerald,756,61,9661.31,0.91
Jacenta Routham,757,66,8789.01,0.94
Tori Prettyjohns,758,67,1828.94,2.43
Alana Austick,759,40,6261.66,0.16
Rikki Maffei,760,5,2426.04,0.16
Lorri Mudge,761,95,9076.21,2.22
Ashbey Lydall,762,11,9539.59,0.27
Elsie Uppett,763,96,1548.5,2.23
Jasun Catonne,764,85,2135.9,2.23
Flinn Coult,765,22,3988.06,2.03
Aubry Frise,766,27,3283.48,2.3
Elfrieda Auston,767,78,8268.8,0.36
Roxana Lawes,768,88,1874.93,2.57
Merrily Filchagin,769,63,1753.03,0.9
Lisetta Algeo,770,81,565.21,3.37
Ned Brinson,771,86,344.2,0.52
Ame Spenclay,772,85,3037.88,3.19
Madel Blankman,773,55,2350.96,2.49
Flemming Glazier,774,77,2414.94,1.49
Wallie Witterick,775,7,7133.42,3.93
Obadias Astridge,776,82,9236.07,0.25
Ronny McMichan,777,39,3054.62,3.29
Benton Blewitt,778,46,2611.03,3.9
Tarra Luckes,779,17,1021.73,3.72
Devin Poole,780,92,4393.74,2.33
Wilma Whiting,781,69,3289.2,3.44
Aldon Leemans,782,33,4539.75,0.41
Alva Mattiazzo,783,77,2556.95,0.47
Caria Rain,784,80,2463.63,2.14
Hendrik Ireland,785,45,3567.86,0.86
Basilius Riddich,786,87,7293.57,1.61
Joni Defond,787,45,1346.66,2.95
Theo Collinson,788,77,7582.32,0.39
Ranique Habron,789,68,9650.84,0.16
Montague Fowle,790,82,1976.33,3.27
Tiena Jouning,791,74,775.83,2.61
Herminia Boyland,792,83,2355.53,2.84
Germain Georgelin,793,50,8262.87,1.32
Fey Kleint,794,75,2701.02,1.03
Bird McInteer,795,48,3780.96,2.54
Belicia Hiddy,796,93,5378.74,1.23
Elisha Floyde,797,83,1925.69,1.03
Denver Gomm,798,92,5337.86,0.7
Donnie Comley,799,60,7831.59,3.78
Giraldo Battman,800,39,9847.25,2.99
Rufus Olyonov,801,15,5022.81,0.44
Madelene Braxay,802,7,1878.42,1.34
Umeko Swayton,803,46,6585.68,3.63
Zollie Eggleson,804,47,4612.56,1.92
Marylee Tedahl,805,29,2258.03,3.24
Clark Bagby,806,11,4913.82,3.36
Redford Hinnerk,807,58,6538.66,1.84
Fritz Burniston,808,35,5786.57,3.87
Miguelita Lamke,809,5,2421.41,2.16
Frans Roobottom,810,53,2585.92,0.5
Monica Itscovitz,811,27,6075.08,0.88
Morganne Matushenko,812,15,5913.55,1.08
Stesha Lowsely,813,83,8586.74,3.64
Adel Bezzant,814,57,3573.45,1.83
Othilie Barosch,815,75,2891.75,2.6
Kitti Coll,816,26,407.51,2.99
April Brakespear,817,43,2454.2,2.28
Bessie Ayscough,818,49,5081.88,2.64
Amerigo Ellington,819,47,1487.29,1.85
Thain Longridge,820,87,3824.57,3.44
Randolph Petit,821,69,2382.84,0.14
Lindon Soans,822,31,4501.93,3.74
Thomasa Lawrinson,823,43,4543.68,0.19
Reggie Penk,824,96,5646.05,1.58
Jehanna Barby,825,48,8236.11,0.46
Diarmid Moncrefe,826,12,9392.8,1.22
Muire Dickenson,827,88,9394.91,3.48
Rem McEvay,828,68,6721.14,1.48
Georgy Kantor,829,61,3831.22,1.54
Joni Hover,830,48,4871.61,3.34
Elora Exroll,831,82,7838.33,2.77
Brannon Fearnley,832,88,8899.87,2.88
Adorne Stithe,833,97,6036.7,3.23
Alisander Bremner,834,86,7007.81,3.34
Victor Gerbl,835,46,2262.98,2.38
Shane Hemeret,836,81,4693.85,1.3
Sandye Desport,837,44,1650.39,3.5
Jeth Triplett,838,40,8027.61,2.95
Nicola Frid,839,73,6351.1,2.42
Nadya Bladen,840,57,3456.64,3.07
Vanessa Hartle,841,48,2709.72,1.93
Korry Totaro,842,23,7206.88,1.52
Fredek Kay,843,84,6437.69,0.06
Devonne Brunelleschi,844,62,1711.25,0.09
Valentia Deniscke,845,64,2355.2,3
Selene McWilliams,846,56,6786.79,2.33
Elly McOrkil,847,36,845.82,0.07
Gertrudis Denyukhin,848,47,1464,1.87
Aurie Killough,849,64,9391.7,3.12
Jinny Sills,850,3,7234.61,3.39
Kelci Ashton,851,8,2384.58,3.91
Aprilette Simm,852,42,7685.21,0.56
Farley Ciottoi,853,34,2176.58,0.2
Linoel Brayn,854,64,7881.1,2.13
Wash Stanluck,855,49,4610,0.81
Kaitlynn Georgel,856,24,1686.37,2.32
Lucilia Gullyes,857,75,304.99,2.93
Maxwell Trudgion,858,67,3547.29,2.21
Adrianna Stowers,859,75,229.87,1.39
Sondra Penwright,860,90,8792.83,3.17
Augustina Moresby,861,46,3211.19,2.74
Ermina Ashard,862,30,863.32,0.93
Lalo Huebner,863,56,8506.7,3.02
Lacey Cordsen,864,78,5008.98,3.83
Fabe Sorbie,865,73,1130.5,1.46
Rebekah Kilrow,866,94,4352.06,1.52
Wandis Stirley,867,34,6571.3,1.03
Dorry Arundel,868,42,3273.47,2.4
Eustacia Janosevic,869,68,9019.55,1.98
Inesita Germon,870,75,3956.61,3.13
Amelia Engelmann,871,27,3388.31,3.1
Robbie Blackstone,872,14,7321.1,0.13
Cissiee Sharpe,873,65,9124.64,3.98
Kermit Maciejewski,874,52,8143.6,3.6
Dionysus Collingdon,875,51,8329.87,0.54
Timoteo Antuoni,876,89,1282.29,1.28
Eryn Compton,877,22,1076.9,2.1
Myles Farrier,878,75,4560.64,0.87
Quinn Scaife,879,86,481.17,0.33
Jeff Emby,880,76,7867,1.35
Prentice Dillintone,881,16,555.36,0.56
Ronny Krolman,882,19,9770.6,3.8
Huntlee Maslen,883,32,8679.82,1.28
Maren Grombridge,884,89,7340.3,1.75
Cosmo Georgeson,885,88,4125.83,2.3
Colver Bradane,886,28,7028.13,2.66
Alick Burthom,887,13,2143.07,0.59
Hodge Lunn,888,90,3897.78,3.32
Penelope Parcells,889,42,6952.56,2.21
Aguste Plaunch,890,75,5904.01,2.57
Steve Barling,891,84,9022.15,2.28
Geoffry Marson,892,94,1037.44,3.19
Bogart Pipkin,893,60,6634.56,1.08
Angel Drohan,894,99,3556.89,3.22
Floyd Micklewicz,895,89,1732.85,0.05
Hilton Lascelles,896,97,4167.74,1.31
Vern Struther,897,16,8526.23,1.8
Mildrid Spaight,898,13,8261.15,1.83
Carolus Palatino,899,20,4114.87,1.7
Emmanuel Cadagan,900,64,5127.94,2.56
Kattie Readshaw,901,52,1983.57,3.89
Ray Wigmore,902,84,6483.31,3.82
Riane Lightwing,903,55,2143.08,2.18
Laryssa Fish,904,30,8814.84,0.89
Laverne O'Hearn,905,70,9807.53,1.74
Cherish Strother,906,35,1657.94,2.81
Morena Kampshell,907,53,5596.56,1.32
Sigrid Lace,908,55,8562.74,1.97
Casey Arnli,909,74,402.25,1.52
Christan Rosini,910,2,6835.74,2.66
Adelina Weben,911,68,2016.33,1.62
Vick McGinley,912,41,1909.99,0.97
Benjie O'Regan,913,64,8487.41,3.3
Heidi Bennedsen,914,57,7930.14,1.99
Darelle Spellicy,915,48,7394.05,0.38
Arvin Ouldcott,916,74,6821.89,2.21
Karel Capaldi,917,16,3118.82,3.08
Spenser Noyce,918,87,38.5,3.21
Godwin Drover,919,76,4038.59,3.59
Angelico Soldan,920,37,1743.21,2.23
Joshia Tregale,921,32,7319.14,0.1
Valaria Orpen,922,84,9195.07,3.25
Lucais Langshaw,923,68,3857.41,0.19
Fayette Ratie,924,97,5556.19,2.62
Currie Buckmaster,925,95,6562.63,2.15
Guillemette Portwain,926,43,8872.48,3.29
Valida Colling,927,15,4386.65,3.34
Nanette McAless,928,96,2328.08,2.42
Franz Younge,929,100,4513.84,3.12
Samaria Gillimgham,930,70,665.63,2.86
Arnaldo Klageman,931,1,494.2,2.55
Clarke Silversmid,932,80,7711.89,2.24
Jany Caldeiro,933,92,1902.91,1.7
Abba Galley,934,33,4081.22,3.03
Edithe Wennington,935,84,9386.29,1.76
Page Vitet,936,8,1598.45,2.2
Giulia Oddie,937,10,3082.25,2.03
Giorgio Wilmore,938,7,2917.88,2.65
Deane Colliber,939,46,5908.74,1.59
Lynette Franzewitch,940,9,754.08,2.57
Anatola Lillywhite,941,39,9412.76,3.64
Antonius Colleer,942,11,137.37,0.06
Adorne Insko,943,92,7672.81,1.45
Valaree BoHlingolsen,944,96,1687.99,0.1
Cammy Escalero,945,46,5938.65,0.74
Myles Barneville,946,14,1862.64,3.34
Georgi Lomis,947,87,1433,0.59
Sadella Agent,948,39,8448.86,3.45
Dona Pothbury,949,99,1226.61,1.02
Orsa Seaward,950,22,5695.01,0.1
Una Ixor,951,94,5216.05,1.68
Melessa Nourse,952,12,6271.07,2.15
Alleyn Bunyan,953,47,2167.81,3.04
Elaina Cromb,954,43,8605.45,1.89
Casey Ghidetti,955,35,2794.04,2.52
Fraser Jenckes,956,84,3194.02,2.93
Zacharia Newing,957,67,7063.73,2.98
Mignonne Ornells,958,25,3019.4,2.98
Howard Trusler,959,18,2695.26,1.63
Casandra Margrett,960,51,3636.19,3.53
Yvor Warrior,961,17,4398.72,0.89
Madalyn Salazar,962,45,9149.19,1.59
Oswell Trevenu,963,68,983.8,2.7
Cicely Bambery,964,71,9158.44,1.65
Hercules Quilter,965,11,1300.01,1.81
Brooke Inggall,966,11,8616.5,3.05
Babs Sheldrick,967,10,1260.38,3.33
Anatollo Henrie,968,1,8178.01,1.96
Trudey Frantzen,969,13,9117.89,3.53
Cthrine Pereira,970,97,9709.69,1.29
Ddene Scandrick,971,11,1602.48,2.08
Bette Yoodall,972,13,3517.52,1.94
Reeta Freshwater,973,66,4823.04,0.16
Gennie Petersen,974,37,5881.23,1.3
Harcourt Brayne,975,85,5880.15,1.87
Chery Martland,976,8,2382.23,2.55
Isidor Scad,977,92,3048.99,0.14
Basilius Wherton,978,29,3466.77,2.51
Ford Cornfoot,979,63,5015.47,0.94
Hester Billion,980,61,2491.51,1.42
Bob Turner,981,42,1826.51,2.64
Karole De Antoni,982,54,594.5,0.07
Modesty Petru,983,36,4699.09,3.64
Yuri Barriball,984,20,6897.28,3.66
Thedrick Essame,985,76,6636.06,0.41
Malissia Livingstone,986,38,6596.57,3.94
Stephi Redparth,987,93,5023.36,2.6
Evangelina Stuttard,988,62,4194.07,1.35
Ara Normavell,989,52,4983.47,0.24
Delmor Ottery,990,41,2948.73,2.08
Issy DeWolfe,991,45,6273.26,1.53
Jane Nanetti,992,65,93.19,3.44
Latia Brogiotti,993,94,9611.59,3.15
Andris Kirkham,994,86,8918.75,1.94
Quintus Pheasant,995,47,3708.11,3.69
Jessi Peppett,996,97,8827,1.81
Duncan Patrie,997,36,9.34,3.48
Karissa Billion,998,35,7684.75,3.23
Philippe O'Luney,999,72,3051.78,2.15
Allix Friel,1000,88,151.19,3.64
